{"segments": {"direction": 2.9831853071795855, "x0": 848.3672098257324, "y0": 523.7532003705513, "x1": 861.0713698317853, "y1": 521.6952244095448, "x2": 872.9179187175259, "y2": 519.6748232223027, "x3": 885.1695253928084, "y3": 517.3033644663702, "x4": 898.7262146587037, "y4": 513.9672459362865, "x5": 910.7680744703334, "y5": 510.093327288846, "x6": 922.1843512923477, "y6": 505.2031075929835, "x7": 933.2971793845713, "y7": 498.7390879345788, "x8": 943.2492275789489, "y8": 490.86381058488564, "x9": 951.9898894335196, "y9": 481.19604876885796, "x10": 959.3871913547787, "y10": 469.03964399988536, "x11": 964.1299205105379, "y11": 455.88989058830015, "x12": 966.2638130298063, "y12": 442.2125641466915, "x13": 965.3640973720925, "y13": 430.39710212459215, "x14": 962.1167445812507, "y14": 418.98415818897445, "x15": 956.4579242853422, "y15": 407.63669051460334, "x16": 949.003629657303, "y16": 397.25719638120825, "x17": 940.1942849056011, "y17": 387.9786685359843, "x18": 929.9918227565055, "y18": 379.5148006553557, "x19": 918.7140242530121, "y19": 371.93103326475574, "x20": 906.7138168277891, "y20": 365.22875733211345, "x21": 894.1972031785164, "y21": 359.2964133896243, "x22": 881.3076521648476, "y22": 354.0075971469904, "x23": 868.6256206185183, "y23": 349.39994309466476, "x24": 856.4019163200627, "y24": 345.3858004505151, "x25": 844.0390960626654, "y25": 341.66726969525877, "x26": 830.9075632819416, "y26": 338.0167775279223, "x27": 817.6887707014325, "y27": 334.57979410682293, "x28": 804.9502842142766, "y28": 331.44504942359805, "x29": 792.1495164569925, "y29": 328.441479743871, "x30": 779.2947237823622, "y30": 325.5481170690474, "x31": 766.3922129306897, "y31": 322.7484428946692, "x32": 753.4469986761993, "y32": 320.0293648462439, "x33": 740.4630836724093, "y33": 317.3806489969495, "x34": 727.4436120171652, "y34": 314.79464361045405, "x35": 714.3909720075011, "y35": 312.26615260630444, "x36": 701.3068823589921, "y36": 309.79237566875906, "x37": 688.1924818646537, "y37": 307.3728693600727, "x38": 675.0484342139996, "y38": 305.00950074306866, "x39": 661.659999708832, "y39": 302.6699587814957, "x40": 648.4255668327604, "y40": 300.42938052168347, "x41": 634.9712761325006, "y41": 298.2341549708395, "x42": 621.4670872294124, "y42": 296.12381769490986, "x43": 607.9077637226331, "y43": 294.1098517839794, "x44": 594.2973573288817, "y44": 292.2061437527771, "x45": 580.6702791267473, "y45": 290.4305318650871, "x46": 566.9878697534049, "y46": 288.79124125399835, "x47": 553.2567791821417, "y47": 287.3018304660093, "x48": 539.4827426754076, "y48": 285.9740539922121, "x49": 525.6711667708158, "y49": 284.81715314689006, "x50": 511.8272122901429, "y50": 283.8369542192681, "x51": 497.95585276024065, "y51": 283.0348560769657, "x52": 484.0618731320074, "y52": 282.40679909534333, "x53": 470.14977067444084, "y53": 281.94236460091525, "x54": 456.22358314605924, "y54": 281.6241721026321, "x55": 442.286701320418, "y55": 281.42771576987377}, "boats": {"x0": 1158.395363592562, "colour0": 0, "speed0": 1.1293030682624408, "x1": 985.0947154184978, "colour1": 2, "speed1": 1.6743138658168188}, "points": 584}